
use ncc;

INSERT INTO `ncc`.`technology_info` (`tech_id`, `technology`) VALUES ('1', 'C/C+');
INSERT INTO `ncc`.`technology_info` (`tech_id`, `technology`) VALUES ('2', 'Java');
INSERT INTO `ncc`.`technology_info` (`tech_id`, `technology`) VALUES ('3', 'Python');
INSERT INTO `ncc`.`technology_info` (`tech_id`, `technology`) VALUES ('4', 'NodeJs');
INSERT INTO `ncc`.`technology_info` (`tech_id`, `technology`) VALUES ('5', 'Ruby/Rail');
INSERT INTO `ncc`.`technology_info` (`tech_id`, `technology`) VALUES ('6', 'React Native');
INSERT INTO `ncc`.`technology_info` (`tech_id`, `technology`) VALUES ('7', 'Swift');
INSERT INTO `ncc`.`technology_info` (`tech_id`, `technology`) VALUES ('8', 'GoLang');
INSERT INTO `ncc`.`technology_info` (`tech_id`, `technology`) VALUES ('9', 'PHP');
INSERT INTO `ncc`.`technology_info` (`tech_id`, `technology`) VALUES ('10', 'Angular');
INSERT INTO `ncc`.`technology_info` (`tech_id`, `technology`) VALUES ('11', 'Android');

insert into project (project_id, projectName, customer, PM, tech_id, status, description, notes) values (1, 'Nights of Cabiria (Notti di Cabiria, Le)', 'Guillemette Durno', 'pm2@gmail.com', 9, 'failed', 'Progressive even-keeled capability', 'Upgradable leading edge time-frame');
insert into project (project_id, projectName, customer, PM, tech_id, status, description, notes) values (2, 'Frownland', 'Sallyanne Kohtler', 'pm3@gmail.com', 3, 'failed', 'Object-based even-keeled pricing structure', 'Diverse directional forecast');
insert into project (project_id, projectName, customer, PM, tech_id, status, description, notes) values (3, 'Get the Gringo', 'Hasty Spalls', 'pm1@gmail.com', 7, 'running', 'Ameliorated intermediate artificial intelligence', 'Re-engineered global functionalities');
insert into project (project_id, projectName, customer, PM, tech_id, status, description, notes) values (4, 'Revenge for Jolly!', 'Garrett Gwilym', 'pm7@gmail.com', 5, 'running', 'Persistent user-facing application', 'Inverse clear-thinking policy');
insert into project (project_id, projectName, customer, PM, tech_id, status, description, notes) values (5, 'Ju Dou', 'Gennifer Okell', 'pm4@gmail.com', 1, 'running', 'Operative dynamic archive', 'User-friendly high-level architecture');
insert into project (project_id, projectName, customer, PM, tech_id, status, description, notes) values (6, 'Deux mondes, Les', 'Dari Epilet', 'pm5@gmail.com', 7, 'failed', 'Grass-roots value-added contingency', 'Horizontal methodical process improvement');
insert into project (project_id, projectName, customer, PM, tech_id, status, description, notes) values (7, 'Born to Race', 'Adriano Braden', 'pm6@gmail.com', 4, 'running', 'Persistent 5th generation focus group', 'Profound intermediate capability');
insert into project (project_id, projectName, customer, PM, tech_id, status, description, notes) values (8, 'Floating Skyscrapers', 'Reed MacMenamy', 'pm5@gmail.com', 8, 'failed', 'Vision-oriented mission-critical contingency', 'Digitized object-oriented hub');
insert into project (project_id, projectName, customer, PM, tech_id, status, description, notes) values (9, 'Martyrs', 'Lyndell Alldridge', 'pm7@gmail.com', 1, 'success', 'Re-contextualized leading edge database', 'Exclusive stable matrices');
insert into project (project_id, projectName, customer, PM, tech_id, status, description, notes) values (10, 'Lolita', 'Damaris Oller', 'pm6@gmail.com', 9, 'running', 'Enhanced motivating definition', 'Organic fresh-thinking algorithm');
insert into project (project_id, projectName, customer, PM, tech_id, status, description, notes) values (11, 'Chennai Express', 'Janaya Marryatt', 'pm5@gmail.com', 1, 'success', 'Open-source scalable process improvement', 'Open-source maximized customer loyalty');
insert into project (project_id, projectName, customer, PM, tech_id, status, description, notes) values (12, 'Big Animal (Duze zwierze)', 'Gardener Minchindon', 'pm6@gmail.com', 10, 'running', 'Realigned 24/7 solution', 'Persistent asymmetric help-desk');
insert into project (project_id, projectName, customer, PM, tech_id, status, description, notes) values (13, 'New Tale of Zatoichi (Shin Zatôichi monogatari) (Zatôichi 3)', 'Bryn Heard', 'pm1@gmail.com', 1, 'failed', 'Polarised directional projection', 'Organized scalable access');
insert into project (project_id, projectName, customer, PM, tech_id, status, description, notes) values (14, 'Trouble Bound', 'Mollee Dei', 'pm3@gmail.com', 3, 'success', 'Stand-alone discrete framework', 'Multi-tiered context-sensitive access');
insert into project (project_id, projectName, customer, PM, tech_id, status, description, notes) values (15, 'Little Ashes', 'Jordanna Buffery', 'pm6@gmail.com', 9, 'running', 'Customer-focused scalable policy', 'Phased scalable focus group');
insert into project (project_id, projectName, customer, PM, tech_id, status, description, notes) values (16, 'Vampire Bat, The', 'Sandro Sandilands', 'pm2@gmail.com', 6, 'success', 'Synergized context-sensitive pricing structure', 'Robust homogeneous process improvement');
insert into project (project_id, projectName, customer, PM, tech_id, status, description, notes) values (17, 'Man Who Captured Eichmann, The', 'Ashli Labbati', 'pm3@gmail.com', 9, 'success', 'Monitored solution-oriented access', 'Cross-platform executive hardware');
insert into project (project_id, projectName, customer, PM, tech_id, status, description, notes) values (18, 'Silver City', 'Steffane Juniper', 'pm7@gmail.com', 6, 'success', 'Digitized clear-thinking focus group', 'Vision-oriented systematic secured line');
insert into project (project_id, projectName, customer, PM, tech_id, status, description, notes) values (19, 'President''s Man: A Line in the Sand, The', 'Lucie Stirland', 'pm2@gmail.com', 8, 'running', 'Focused context-sensitive interface', 'Monitored non-volatile local area network');
insert into project (project_id, projectName, customer, PM, tech_id, status, description, notes) values (20, 'Once Upon a Time in Queens', 'Margalit Lambotin', 'pm3@gmail.com', 8, 'failed', 'Proactive tertiary firmware', 'Visionary asymmetric synergy');
insert into project (project_id, projectName, customer, PM, tech_id, status, description, notes) values (21, 'Taking Woodstock', 'Clarette Birts', 'pm8@gmail.com', 2, 'running', 'Inverse bi-directional matrices', 'Reactive background interface');
insert into project (project_id, projectName, customer, PM, tech_id, status, description, notes) values (22, 'Naked in New York', 'Cyb Oglesbee', 'pm6@gmail.com', 8, 'failed', 'Advanced systematic solution', 'Centralized eco-centric function');
insert into project (project_id, projectName, customer, PM, tech_id, status, description, notes) values (23, 'When Worlds Collide', 'Winnah Pindred', 'pm6@gmail.com', 9, 'failed', 'Realigned uniform productivity', 'Future-proofed solution-oriented artificial intelligence');
insert into project (project_id, projectName, customer, PM, tech_id, status, description, notes) values (24, 'Man with an Apartment (Czlowiek z M-3)', 'Bogey Wolledge', 'pm4@gmail.com', 2, 'failed', 'Multi-channelled next generation hub', 'Managed fault-tolerant toolset');
insert into project (project_id, projectName, customer, PM, tech_id, status, description, notes) values (25, 'Open House ', 'Elsi Bottjer', 'pm8@gmail.com', 4, 'failed', 'Open-architected intangible knowledge user', 'Proactive needs-based core');
insert into project (project_id, projectName, customer, PM, tech_id, status, description, notes) values (26, 'Man on the Roof, The (Mannen på taket)', 'Waylon Haythornthwaite', 'pm8@gmail.com', 6, 'failed', 'Profound eco-centric neural-net', 'Multi-layered object-oriented throughput');
insert into project (project_id, projectName, customer, PM, tech_id, status, description, notes) values (27, 'U2: Rattle and Hum', 'Marlee Puddifer', 'pm6@gmail.com', 3, 'failed', 'Switchable multi-state hub', 'Proactive contextually-based concept');
insert into project (project_id, projectName, customer, PM, tech_id, status, description, notes) values (28, 'Edge of Heaven, The (Auf der anderen Seite)', 'Leonie Reilingen', 'pm2@gmail.com', 3, 'running', 'Focused demand-driven synergy', 'De-engineered upward-trending model');
insert into project (project_id, projectName, customer, PM, tech_id, status, description, notes) values (29, 'Canvas', 'Roy McLenahan', 'pm3@gmail.com', 4, 'running', 'Intuitive 6th generation instruction set', 'Balanced transitional matrices');
insert into project (project_id, projectName, customer, PM, tech_id, status, description, notes) values (30, 'Onion Movie, The', 'Jory Stanners', 'pm8@gmail.com', 1, 'success', 'Upgradable context-sensitive hub', 'Managed content-based projection');
insert into project (project_id, projectName, customer, PM, tech_id, status, description, notes) values (31, 'Down Argentine Way', 'Dew Marrington', 'pm1@gmail.com', 7, 'running', 'Total impactful Graphical User Interface', 'Versatile multi-tasking architecture');
insert into project (project_id, projectName, customer, PM, tech_id, status, description, notes) values (32, 'Bedlam', 'Court Shirtliff', 'pm7@gmail.com', 9, 'success', 'Secured clear-thinking leverage', 'Down-sized even-keeled secured line');
insert into project (project_id, projectName, customer, PM, tech_id, status, description, notes) values (33, 'Philadelphia Experiment II', 'Ardyce Lindhe', 'pm5@gmail.com', 1, 'running', 'Pre-emptive intermediate adapter', 'Robust non-volatile project');
insert into project (project_id, projectName, customer, PM, tech_id, status, description, notes) values (34, 'Diên Biên Phú', 'Hendrick Grave', 'pm6@gmail.com', 7, 'failed', 'Inverse global process improvement', 'Organized analyzing paradigm');
insert into project (project_id, projectName, customer, PM, tech_id, status, description, notes) values (35, 'Cell 2, The', 'Marcie Mapledoore', 'pm1@gmail.com', 8, 'failed', 'Synergistic modular capability', 'Fundamental zero tolerance attitude');
insert into project (project_id, projectName, customer, PM, tech_id, status, description, notes) values (36, 'Secret Ceremony', 'Martita Nobes', 'pm2@gmail.com', 3, 'failed', 'Extended composite projection', 'Inverse client-driven standardization');
insert into project (project_id, projectName, customer, PM, tech_id, status, description, notes) values (37, 'Aimée & Jaguar', 'Bathsheba Catterill', 'pm3@gmail.com', 1, 'running', 'Total bottom-line superstructure', 'Monitored eco-centric capacity');
insert into project (project_id, projectName, customer, PM, tech_id, status, description, notes) values (38, 'Letter, The (La lettre)', 'Jenn Ezzell', 'pm3@gmail.com', 1, 'failed', 'Customizable eco-centric model', 'Centralized interactive knowledge base');
insert into project (project_id, projectName, customer, PM, tech_id, status, description, notes) values (39, 'Halo 4: Forward Unto Dawn', 'Frederik Kinker', 'pm4@gmail.com', 1, 'running', 'Synergistic interactive forecast', 'Face to face client-driven knowledge user');
insert into project (project_id, projectName, customer, PM, tech_id, status, description, notes) values (40, 'Annie Get Your Gun', 'Winna Copestake', 'pm6@gmail.com', 7, 'running', 'Synergistic grid-enabled product', 'Robust bi-directional info-mediaries');
insert into project (project_id, projectName, customer, PM, tech_id, status, description, notes) values (41, 'Churchill: The Hollywood Years', 'Sherwin Kiebes', 'pm1@gmail.com', 1, 'failed', 'Down-sized motivating hub', 'Managed incremental definition');
insert into project (project_id, projectName, customer, PM, tech_id, status, description, notes) values (42, 'Small Back Room, The', 'Paula Hauch', 'pm2@gmail.com', 2, 'running', 'Object-based global throughput', 'Secured composite synergy');
insert into project (project_id, projectName, customer, PM, tech_id, status, description, notes) values (43, 'Wicker Man, The', 'Malissia Tryhorn', 'pm7@gmail.com', 5, 'running', 'Implemented contextually-based functionalities', 'Public-key non-volatile productivity');

INSERT INTO `ncc`.`user` (`id`, `role`, `username`, `password`) VALUES ('1', 'ROLE_ADMIN', 'admin@gmail.com', '12345678');
INSERT INTO `ncc`.`user` (`role`, `username`, `password`) VALUES ('ROLE_PM', 'pm1@gmail.com', '12345678');
INSERT INTO `ncc`.`user` (`role`, `username`, `password`) VALUES ('ROLE_PM', 'pm2@gmail.com', '12345678');
INSERT INTO `ncc`.`user` (`role`, `username`, `password`) VALUES ('ROLE_USER', 'user3@gmail.com', '12345678');
INSERT INTO `ncc`.`user` (`role`, `username`, `password`) VALUES ('ROLE_USER', 'user4@gmail.com', '12345678');
INSERT INTO `ncc`.`user` (`role`, `username`, `password`) VALUES ('ROLE_USER', 'user5@gmail.com', '12345678');
INSERT INTO `ncc`.`user` (`role`, `username`, `password`) VALUES ('ROLE_USER', 'user6@gmail.com', '12345678');
INSERT INTO `ncc`.`user` (`role`, `username`, `password`) VALUES ('ROLE_USER', 'user7@gmail.com', '12345678');
INSERT INTO `ncc`.`user` (`role`, `username`, `password`) VALUES ('ROLE_PM', 'pm3@gmail.com', '12345678');
INSERT INTO `ncc`.`user` (`id`, `role`, `username`, `password`) VALUES ('10', 'ROLE_PM', 'pm4@gmail.com', '12345678');
INSERT INTO `ncc`.`user` (`role`, `username`, `password`) VALUES ('ROLE_PM', 'pm5@gmail.com', '12345678');
INSERT INTO `ncc`.`user` (`role`, `username`, `password`) VALUES ('ROLE_PM', 'pm6@gmail.com', '12345678');
INSERT INTO `ncc`.`user` (`role`, `username`, `password`) VALUES ('ROLE_PM', 'pm7@gmail.com', '12345678');
INSERT INTO `ncc`.`user` (`role`, `username`, `password`) VALUES ('ROLE_PM', 'pm8@gmail.com', '12345678');
insert into user (id, username, role, password) values (15, 'hpawfoot0@engadget.com', 'ROLE_USER', 12345678);
insert into user (id, username, role, password) values (16, 'rcharles1@arizona.edu', 'ROLE_USER', 12345678);
insert into user (id, username, role, password) values (17, 'mhasney2@nytimes.com', 'ROLE_USER', 12345678);
insert into user (id, username, role, password) values (18, 'msleford3@unicef.org', 'ROLE_USER', 12345678);
insert into user (id, username, role, password) values (19, 'jbellwood4@goodreads.com', 'ROLE_USER', 12345678);
insert into user (id, username, role, password) values (20, 'jondrak5@macromedia.com', 'ROLE_USER', 12345678);
insert into user (id, username, role, password) values (21, 'rthacke6@china.com.cn', 'ROLE_USER', 12345678);
insert into user (id, username, role, password) values (22, 'aspon7@tiny.cc', 'ROLE_USER', 12345678);
insert into user (id, username, role, password) values (23, 'gkobu8@scientificamerican.com', 'ROLE_USER', 12345678);
insert into user (id, username, role, password) values (24, 'agladwish9@state.tx.us', 'ROLE_USER', 12345678);
insert into user (id, username, role, password) values (25, 'vdornina@nba.com', 'ROLE_USER', 12345678);
insert into user (id, username, role, password) values (26, 'dfyndonb@google.com.au', 'ROLE_USER', 12345678);
insert into user (id, username, role, password) values (27, 'kkelsowc@bloglines.com', 'ROLE_USER', 12345678);
insert into user (id, username, role, password) values (28, 'bcooped@blog.com', 'ROLE_USER', 12345678);
insert into user (id, username, role, password) values (29, 'lthomlinsone@hibu.com', 'ROLE_USER', 12345678);
insert into user (id, username, role, password) values (30, 'asegrottf@spiegel.de', 'ROLE_USER', 12345678);
insert into user (id, username, role, password) values (31, 'arosig@wufoo.com', 'ROLE_USER', 12345678);
insert into user (id, username, role, password) values (32, 'spreisth@dailymotion.com', 'ROLE_USER', 12345678);
insert into user (id, username, role, password) values (33, 'jspottiswoodi@bbb.org', 'ROLE_USER', 12345678);
insert into user (id, username, role, password) values (34, 'abartosj@wp.com', 'ROLE_USER', 12345678);
insert into user (id, username, role, password) values (35, 'mshierk@cam.ac.uk', 'ROLE_USER', 12345678);
insert into user (id, username, role, password) values (36, 'sshoweringl@cmu.edu', 'ROLE_USER', 12345678);
insert into user (id, username, role, password) values (37, 'egoodissonm@sciencedirect.com', 'ROLE_USER', 12345678);
insert into user (id, username, role, password) values (38, 'chabbesn@ed.gov', 'ROLE_USER', 12345678);
insert into user (id, username, role, password) values (39, 'mcuvleyo@hostgator.com', 'ROLE_USER', 12345678);
insert into user (id, username, role, password) values (40, 'apottsp@google.cn', 'ROLE_USER', 12345678);
insert into user (id, username, role, password) values (41, 'hlubmanq@edublogs.org', 'ROLE_USER', 12345678);
insert into user (id, username, role, password) values (42, 'detchinghamr@abc.net.au', 'ROLE_USER', 12345678);
insert into user (id, username, role, password) values (43, 'aheskeys@accuweather.com', 'ROLE_USER', 12345678);
insert into user (id, username, role, password) values (44, 'wsemont@cargocollective.com', 'ROLE_USER', 12345678);
insert into user (id, username, role, password) values (45, 'cneilu@a8.net', 'ROLE_USER', 12345678);
insert into user (id, username, role, password) values (46, 'rakredv@skyrock.com', 'ROLE_USER', 12345678);
insert into user (id, username, role, password) values (47, 'gprestwichw@biblegateway.com', 'ROLE_USER', 12345678);
insert into user (id, username, role, password) values (48, 'lsmallbonex@skype.com', 'ROLE_USER', 12345678);
insert into user (id, username, role, password) values (49, 'dmoresidey@yandex.ru', 'ROLE_USER', 12345678);
insert into user (id, username, role, password) values (50, 'asimonazziz@twitter.com', 'ROLE_USER', 12345678);
insert into user (id, username, role, password) values (51, 'ayendall10@qq.com', 'ROLE_USER', 12345678);
insert into user (id, username, role, password) values (52, 'dsondland11@nasa.gov', 'ROLE_USER', 12345678);
insert into user (id, username, role, password) values (53, 'fdailly12@mtv.com', 'ROLE_USER', 12345678);
insert into user (id, username, role, password) values (54, 'ygoby13@google.es', 'ROLE_USER', 12345678);
insert into user (id, username, role, password) values (55, 'nsilver14@google.ru', 'ROLE_USER', 12345678);
insert into user (id, username, role, password) values (56, 'hdeerr15@npr.org', 'ROLE_USER', 12345678);
insert into user (id, username, role, password) values (57, 'glodder16@economist.com', 'ROLE_USER', 12345678);
insert into user (id, username, role, password) values (58, 'cseer17@shareasale.com', 'ROLE_USER', 12345678);
insert into user (id, username, role, password) values (59, 'rreignolds18@w3.org', 'ROLE_USER', 12345678);
insert into user (id, username, role, password) values (60, 'abibby19@washingtonpost.com', 'ROLE_USER', 12345678);
insert into user (id, username, role, password) values (61, 'achristene1a@globo.com', 'ROLE_USER', 12345678);
insert into user (id, username, role, password) values (62, 'msquelch1b@naver.com', 'ROLE_USER', 12345678);
insert into user (id, username, role, password) values (63, 'cpaddeley1c@webmd.com', 'ROLE_USER', 12345678);
insert into user (id, username, role, password) values (64, 'mthackham1d@who.int', 'ROLE_USER', 12345678);




INSERT INTO `ncc`.`user_info` (`user_id`, `job`) VALUES ('2', 'PM');
INSERT INTO `ncc`.`user_info` (`user_id`, `job`) VALUES ('3', 'PM');
INSERT INTO `ncc`.`user_info` (`user_id`, `job`) VALUES ('4', 'DEV');
INSERT INTO `ncc`.`user_info` (`user_id`, `job`) VALUES ('5', 'Tester');
INSERT INTO `ncc`.`user_info` (`user_id`, `job`) VALUES ('6', 'HR');
INSERT INTO `ncc`.`user_info` (`user_id`, `job`) VALUES ('7', 'DEv');
INSERT INTO `ncc`.`user_info` (`user_id`, `job`) VALUES ('8', 'Tester');
INSERT INTO `ncc`.`user_info` (`user_id`, `job`) VALUES ('1', 'CEO');
INSERT INTO `ncc`.`user_info` (`user_id`, `job`) VALUES ('9', 'PM');
INSERT INTO `ncc`.`user_info` (`user_id`, `job`) VALUES ('10', 'PM');
INSERT INTO `ncc`.`user_info` (`user_id`, `job`) VALUES ('11', 'PM');
INSERT INTO `ncc`.`user_info` (`user_id`, `job`) VALUES ('12', 'PM');
INSERT INTO `ncc`.`user_info` (`user_id`, `job`) VALUES ('13', 'PM');
INSERT INTO `ncc`.`user_info` (`user_id`, `job`) VALUES ('14', 'PM');
insert into user_info (user_id, job) values (15, 'HR');
insert into user_info (user_id, job) values (16, 'DEV');
insert into user_info (user_id, job) values (17, 'Account');
insert into user_info (user_id, job) values (18, 'Account');
insert into user_info (user_id, job) values (19, 'HR');
insert into user_info (user_id, job) values (20, 'Account');
insert into user_info (user_id, job) values (21, 'DEV');
insert into user_info (user_id, job) values (22, 'QA');
insert into user_info (user_id, job) values (23, 'HR');
insert into user_info (user_id, job) values (24, 'QA');
insert into user_info (user_id, job) values (25, 'DEV');
insert into user_info (user_id, job) values (26, 'DEV');
insert into user_info (user_id, job) values (27, 'QA');
insert into user_info (user_id, job) values (28, 'Tester');
insert into user_info (user_id, job) values (29, 'DEV');
insert into user_info (user_id, job) values (30, 'Account');
insert into user_info (user_id, job) values (31, 'DEV');
insert into user_info (user_id, job) values (32, 'DEV');
insert into user_info (user_id, job) values (33, 'HR');
insert into user_info (user_id, job) values (34, 'Account');
insert into user_info (user_id, job) values (35, 'DEV');
insert into user_info (user_id, job) values (36, 'Account');
insert into user_info (user_id, job) values (37, 'DEV');
insert into user_info (user_id, job) values (38, 'Tester');
insert into user_info (user_id, job) values (39, 'Tester');
insert into user_info (user_id, job) values (40, 'HR');
insert into user_info (user_id, job) values (41, 'DEV');
insert into user_info (user_id, job) values (42, 'DEV');
insert into user_info (user_id, job) values (43, 'Tester');
insert into user_info (user_id, job) values (44, 'Account');
insert into user_info (user_id, job) values (45, 'Account');
insert into user_info (user_id, job) values (46, 'HR');
insert into user_info (user_id, job) values (47, 'Account');
insert into user_info (user_id, job) values (48, 'HR');
insert into user_info (user_id, job) values (49, 'QA');
insert into user_info (user_id, job) values (50, 'HR');
insert into user_info (user_id, job) values (51, 'QA');
insert into user_info (user_id, job) values (52, 'DEV');
insert into user_info (user_id, job) values (53, 'HR');
insert into user_info (user_id, job) values (54, 'QA');
insert into user_info (user_id, job) values (55, 'HR');
insert into user_info (user_id, job) values (56, 'DEV');
insert into user_info (user_id, job) values (57, 'Account');
insert into user_info (user_id, job) values (58, 'HR');
insert into user_info (user_id, job) values (59, 'QA');
insert into user_info (user_id, job) values (60, 'HR');
insert into user_info (user_id, job) values (61, 'Tester');
insert into user_info (user_id, job) values (62, 'DEV');
insert into user_info (user_id, job) values (63, 'QA');
insert into user_info (user_id, job) values (64, 'DEV');




INSERT INTO `ncc`.`relation` (`user_id`, `project_id`) VALUES ('2', '1');
INSERT INTO `ncc`.`relation` (`user_id`, `project_id`) VALUES ('6', '1');
INSERT INTO `ncc`.`relation` (`user_id`, `project_id`) VALUES ('4', '1');
INSERT INTO `ncc`.`relation` (`user_id`, `project_id`) VALUES ('5', '1');
INSERT INTO `ncc`.`relation` (`user_id`, `project_id`) VALUES ('3', '2');
INSERT INTO `ncc`.`relation` (`user_id`, `project_id`) VALUES ('7', '2');
INSERT INTO `ncc`.`relation` (`user_id`, `project_id`) VALUES ('5', '2');
INSERT INTO `ncc`.`relation` (`user_id`, `project_id`) VALUES ('8', '2');
INSERT INTO `ncc`.`relation` (`user_id`, `project_id`) VALUES ('4', '2');
INSERT INTO `ncc`.`relation` (`user_id`, `project_id`) VALUES ('4', '3');
INSERT INTO `ncc`.`relation` (`user_id`, `project_id`) VALUES ('5', '3');



INSERT INTO `log_time_sheet` VALUES (1,1,'DEV','task',8,4,'t built the nuclear rocket','2018-06-18 00:00:00'),(2,2,'Tester','task',8,8,'too many bug','2018-06-28 00:00:00');

DELIMITER $$
CREATE DEFINER=`root`@`localhost` PROCEDURE `insertPM`()
BEGIN
 DECLARE done INT DEFAULT FALSE;
 DECLARE b,c INT;
  DECLARE cur1 CURSOR FOR 
	SELECT u.id,p.project_id FROM project p JOIN user u ON u.username = p.PM where p.project_id >3 ;
  DECLARE CONTINUE HANDLER FOR NOT FOUND SET done = TRUE;
  OPEN cur1;
 
  read_loop: LOOP
  FETCH cur1 into b,c;
  IF done THEN LEAVE read_loop;
    END IF;
    INSERT INTO relation VALUES (b,c);
  END LOOP;
  
  close cur1;
 
END$$
DELIMITER;
use ncc;
call ncc.insertPM();
